Username,Email,FirstName,LastName,Password
sekul,sekul@gmail.com,Sekul,Kamberov,12345678
anna,anna@gmail.com,Anna,Nikolova,12345678
iva,iva@gmail.com,Iva,Angelova,12345678
kalina,kalina@gmail.com,Kalina,Mladenova,12345678
valeria,valeria@gmail.com,Valeria,Stoi4kova,12345678
lusy,lusy@gmail.com,Liuboslava,Georgieva,12345678
mimi,mimi@gmail.com,Maria,Milusheva,12345678
ivana,ivana@gmail.com,Ivana,Genadieva,12345678
veronika,veronika@gmail.com,Veronika,Zvezdanova,12345678
katerina,katerina@gmail.com,Katerina,Stefanova,12345678
mariana,mariana@gmail.com,Mariana,Ivanova,12345678